accuracy,precision,recall,f1_score,ROC-AUC,MAE,Brier
0.930232558139535,0.913827750627237,0.9498207885304659,0.9314739313071412,0.9302675371223759,0.06976744186046512,0.06976744186046512
