accuracy,precision,recall,f1_score,ROC-AUC,MAE,Brier
0.4944543828264759,0.551093469418775,0.3691756272401434,0.34747164681287596,0.4942306707629288,0.5055456171735241,0.5055456171735241
