accuracy,precision,recall,f1_score,ROC-AUC,MAE,Brier
0.5008050089445438,0.024955277280858675,0.05,0.03329355608591885,0.5,0.49919499105545617,0.49919499105545617
