Brier,MAE,ROC-AUC,accuracy,f1_score,precision,recall
0.11182110682110684,0.11182110682110684,0.8881834415584414,0.8881788931788931,0.8888914073518719,0.8822621245746037,0.897616883116883
