Brier,MAE,ROC-AUC,accuracy,f1_score,precision,recall
0.49919499105545617,0.49919499105545617,0.5,0.5008050089445438,0.03329355608591885,0.024955277280858675,0.05
