accuracy,precision,recall,f1_score,ROC-AUC,MAE,Brier
0.9427549194991055,0.9364260739260739,0.9498207885304659,0.9430493770481422,0.9427675371223758,0.057245080500894455,0.057245080500894455
